{
  "summary": {
    "rouge1_f1": 0.31489258837606005,
    "rouge2_f1": 0.2681774542106396,
    "rougeL_f1": 0.3042330753063557,
    "bleu": 0.16414401372469353,
    "key_fact_coverage": 1.0,
    "bertscore_f1": 0.7219007015228271
  },
  "category_metrics": {
    "factual": {
      "count": 5,
      "rouge1_f1": 0.33085576596803584,
      "rouge2_f1": 0.2883419565837181,
      "rougeL_f1": 0.32180663396276865,
      "bleu": 0.1822065473084218,
      "key_fact_coverage": 1.0
    },
    "comparison": {
      "count": 1,
      "rouge1_f1": 0.27745664739884396,
      "rouge2_f1": 0.23255813953488372,
      "rougeL_f1": 0.2658959537572254,
      "bleu": 0.1223884279729323,
      "key_fact_coverage": 1.0
    },
    "procedural": {
      "count": 1,
      "rouge1_f1": 0.45217391304347826,
      "rouge2_f1": 0.4424778761061947,
      "rougeL_f1": 0.45217391304347826,
      "bleu": 0.279730945282507,
      "key_fact_coverage": 1.0
    },
    "advisory": {
      "count": 1,
      "rouge1_f1": 0.13523131672597866,
      "rouge2_f1": 0.02867383512544803,
      "rougeL_f1": 0.10676156583629894,
      "bleu": 0.0,
      "key_fact_coverage": 1.0
    }
  },
  "details": [
    {
      "query": "Tích lũy bao nhiêu tín chỉ là đủ điều kiện ra trường?",
      "category": "factual",
      "answer_preview": "Để đủ điều kiện ra trường, sinh viên cần tích lũy đủ số học phần và số tín chỉ theo đúng quy định của chương trình đào tạo của khóa - ngành sinh viên đang theo học.\n\nCụ thể:\n- Đối với ngành Công nghệ ...",
      "rouge1_f1": 0.17218543046357615,
      "rouge2_f1": 0.15333333333333335,
      "rougeL_f1": 0.17218543046357615,
      "bleu": 0.0821532535017001,
      "key_fact_coverage": 1.0,
      "missed_facts": [],
      "latency_ms": 28121.103100000255
    },
    {
      "query": "Chuẩn đầu ra Tiếng Anh của khoa mình là gì?",
      "category": "factual",
      "answer_preview": "Chuẩn đầu ra Tiếng Anh theo quy định của nhà trường là đạt chứng nhận từ B1 trở lên.\n**Căn cứ chính:** **\nTheo [Hỏi đáp học vụ], chuẩn đầu ra tiếng Anh yêu cầu:\n- Đạt chứng nhận từ **B1** trở lên.\n- Đ...",
      "rouge1_f1": 0.6956521739130436,
      "rouge2_f1": 0.5777777777777777,
      "rougeL_f1": 0.673913043478261,
      "bleu": 0.4376430832364897,
      "key_fact_coverage": 1.0,
      "missed_facts": [],
      "latency_ms": 34588.07070000148
    },
    {
      "query": "Điều kiện để nhận học bổng khuyến khích học tập là gì?",
      "category": "factual",
      "answer_preview": "Để nhận học bổng khuyến khích học tập tại HUSC, sinh viên cần đáp ứng các điều kiện về kết quả học tập, rèn luyện và khối lượng tín chỉ đăng ký như sau:\n\n### Căn cứ chính\n\n- Kết quả học tập và rèn luy...",
      "rouge1_f1": 0.2711864406779661,
      "rouge2_f1": 0.2272727272727273,
      "rougeL_f1": 0.25423728813559326,
      "bleu": 0.12386570829818135,
      "key_fact_coverage": 1.0,
      "missed_facts": [],
      "latency_ms": 31805.99550000079
    },
    {
      "query": "Khi nào bị cảnh báo học vụ?",
      "category": "factual",
      "answer_preview": "Bạn sẽ bị cảnh báo học vụ nếu điểm trung bình học kỳ của bạn đạt dưới các ngưỡng sau:\n\n- **Dưới 0,80** đối với học kỳ đầu tiên của khóa học.\n- **Dưới 1,00** đối với các học kỳ tiếp theo.\n\nNgưỡng này đ...",
      "rouge1_f1": 0.3054187192118227,
      "rouge2_f1": 0.29850746268656714,
      "rougeL_f1": 0.3054187192118227,
      "bleu": 0.17289988269565013,
      "key_fact_coverage": 1.0,
      "missed_facts": [],
      "latency_ms": 16502.790300000925
    },
    {
      "query": "Học lại và học cải thiện khác nhau thế nào?",
      "category": "comparison",
      "answer_preview": "Tại HUSC, học lại và học cải thiện là hai hình thức đăng ký học phần khác nhau về mục đích, điều kiện và cách tính điểm vào điểm trung bình tích lũy.\n\n### Căn cứ chính\n\n1. **Học lại**\n- **Mục đích:** ...",
      "rouge1_f1": 0.27745664739884396,
      "rouge2_f1": 0.23255813953488372,
      "rougeL_f1": 0.2658959537572254,
      "bleu": 0.1223884279729323,
      "key_fact_coverage": 1.0,
      "missed_facts": [],
      "latency_ms": 19580.307500000345
    },
    {
      "query": "Thời gian tối đa hoàn thành chương trình là bao lâu?",
      "category": "factual",
      "answer_preview": "### Kết luận ngắn\nThời gian tối đa để hoàn thành một chương trình đào tạo tại HUSC (thuộc Đại học Huế) là hai lần thời gian theo kế hoạch học tập chuẩn của chương trình đó.\n\n### Căn cứ chính\n- Theo Qu...",
      "rouge1_f1": 0.2098360655737705,
      "rouge2_f1": 0.1848184818481848,
      "rougeL_f1": 0.20327868852459016,
      "bleu": 0.09447080881008778,
      "key_fact_coverage": 1.0,
      "missed_facts": [],
      "latency_ms": 18916.04290000032
    },
    {
      "query": "Nếu bị rớt một môn học bắt buộc thì phải làm sao?",
      "category": "procedural",
      "answer_preview": "Nếu bị rớt một môn học bắt buộc, bạn phải đăng ký học lại môn đó ở các học kỳ tiếp theo cho đến khi đạt.\n**Căn cứ chính:** **\nTheo **Hỏi đáp học vụ**, nếu sinh viên bị rớt một môn học bắt buộc, sinh v...",
      "rouge1_f1": 0.45217391304347826,
      "rouge2_f1": 0.4424778761061947,
      "rougeL_f1": 0.45217391304347826,
      "bleu": 0.279730945282507,
      "key_fact_coverage": 1.0,
      "missed_facts": [],
      "latency_ms": 15798.699299999498
    },
    {
      "query": "Nên học ngôn ngữ lập trình nào?",
      "category": "advisory",
      "answer_preview": "Để bắt đầu học lập trình, bạn nên chọn một ngôn ngữ trước và thực hiện các bài tập hoặc dự án nhỏ để nắm vững kiến thức.\n\nTheo **Hỏi đáp học vụ**, dưới đây là một số gợi ý:\n- **Python** là lựa chọn dễ...",
      "rouge1_f1": 0.13523131672597866,
      "rouge2_f1": 0.02867383512544803,
      "rougeL_f1": 0.10676156583629894,
      "bleu": 0.0,
      "key_fact_coverage": 1.0,
      "missed_facts": [],
      "latency_ms": 24427.5501000011
    }
  ],
  "test_count": 8,
  "_elapsed_seconds": 204.02
}