{
  "summary": {
    "mrr": 0.7095238095238094,
    "precision@3": 0.4666666666666667,
    "recall@3": 0.7333333333333333,
    "ndcg@3": 0.6733472319729477,
    "hit_rate@3": 0.7333333333333333,
    "precision@5": 0.4,
    "recall@5": 0.7333333333333333,
    "ndcg@5": 0.6549347739334911,
    "hit_rate@5": 0.7333333333333333,
    "precision@10": 0.35333333333333333,
    "recall@10": 0.8,
    "ndcg@10": 0.7141703669680368,
    "hit_rate@10": 0.8
  },
  "category_metrics": {
    "implicit": {
      "mrr": 0.6607142857142857,
      "per_k": {
        "3": {
          "precision": 0.41666666666666663,
          "recall": 0.75,
          "ndcg": 0.5250521198985535,
          "hit_rate": 0.75
        },
        "5": {
          "precision": 0.4,
          "recall": 0.75,
          "ndcg": 0.5253237590893538,
          "hit_rate": 0.75
        },
        "10": {
          "precision": 0.475,
          "recall": 1.0,
          "ndcg": 0.6959828499340626,
          "hit_rate": 1.0
        }
      },
      "count": 4
    },
    "specific_article": {
      "mrr": 0.6666666666666666,
      "per_k": {
        "3": {
          "precision": 0.3333333333333333,
          "recall": 0.6666666666666666,
          "ndcg": 0.6666666666666666,
          "hit_rate": 0.6666666666666666
        },
        "5": {
          "precision": 0.26666666666666666,
          "recall": 0.6666666666666666,
          "ndcg": 0.6666666666666666,
          "hit_rate": 0.6666666666666666
        },
        "10": {
          "precision": 0.13333333333333333,
          "recall": 0.6666666666666666,
          "ndcg": 0.6666666666666666,
          "hit_rate": 0.6666666666666666
        }
      },
      "count": 6
    },
    "crossref": {
      "mrr": 0.5,
      "per_k": {
        "3": {
          "precision": 0.16666666666666666,
          "recall": 0.5,
          "ndcg": 0.5,
          "hit_rate": 0.5
        },
        "5": {
          "precision": 0.1,
          "recall": 0.5,
          "ndcg": 0.5,
          "hit_rate": 0.5
        },
        "10": {
          "precision": 0.05,
          "recall": 0.5,
          "ndcg": 0.5,
          "hit_rate": 0.5
        }
      },
      "count": 2
    },
    "csv_qa": {
      "mrr": 1.0,
      "per_k": {
        "3": {
          "precision": 1.0,
          "recall": 1.0,
          "ndcg": 1.0,
          "hit_rate": 1.0
        },
        "5": {
          "precision": 0.8666666666666667,
          "recall": 1.0,
          "ndcg": 0.9075755242149839,
          "hit_rate": 1.0
        },
        "10": {
          "precision": 0.8333333333333334,
          "recall": 1.0,
          "ndcg": 0.9762080349281006,
          "hit_rate": 1.0
        }
      },
      "count": 3
    }
  },
  "details": [
    {
      "query": "Điều 43 quy định gì?",
      "category": "specific_article",
      "description": "Hỏi đúng Điều 43 — cấp bằng tốt nghiệp",
      "mrr": 1.0,
      "latency_ms": 9862.30119999982,
      "metrics_per_k": {
        "3": {
          "precision": 0.3333333333333333,
          "recall": 1.0,
          "ndcg": 1.0,
          "hit": 1.0
        },
        "5": {
          "precision": 0.2,
          "recall": 1.0,
          "ndcg": 1.0,
          "hit": 1.0
        },
        "10": {
          "precision": 0.1,
          "recall": 1.0,
          "ndcg": 1.0,
          "hit": 1.0
        }
      }
    },
    {
      "query": "Nội dung Điều 36 là gì?",
      "category": "specific_article",
      "description": "Hỏi đúng Điều 36 — cách tính điểm trung bình",
      "mrr": 0.0,
      "latency_ms": 5689.914599999611,
      "metrics_per_k": {
        "3": {
          "precision": 0.0,
          "recall": 0.0,
          "ndcg": 0.0,
          "hit": 0.0
        },
        "5": {
          "precision": 0.0,
          "recall": 0.0,
          "ndcg": 0.0,
          "hit": 0.0
        },
        "10": {
          "precision": 0.0,
          "recall": 0.0,
          "ndcg": 0.0,
          "hit": 0.0
        }
      }
    },
    {
      "query": "Điều 5 nói gì?",
      "category": "specific_article",
      "description": "Hỏi đúng Điều 5",
      "mrr": 0.0,
      "latency_ms": 6432.704900000317,
      "metrics_per_k": {
        "3": {
          "precision": 0.0,
          "recall": 0.0,
          "ndcg": 0.0,
          "hit": 0.0
        },
        "5": {
          "precision": 0.0,
          "recall": 0.0,
          "ndcg": 0.0,
          "hit": 0.0
        },
        "10": {
          "precision": 0.0,
          "recall": 0.0,
          "ndcg": 0.0,
          "hit": 0.0
        }
      }
    },
    {
      "query": "Điều 20 quy định cảnh báo học vụ thế nào?",
      "category": "specific_article",
      "description": "Hỏi Điều 20 — cảnh báo kết quả học tập",
      "mrr": 1.0,
      "latency_ms": 7267.254800000046,
      "metrics_per_k": {
        "3": {
          "precision": 0.3333333333333333,
          "recall": 1.0,
          "ndcg": 1.0,
          "hit": 1.0
        },
        "5": {
          "precision": 0.2,
          "recall": 1.0,
          "ndcg": 1.0,
          "hit": 1.0
        },
        "10": {
          "precision": 0.1,
          "recall": 1.0,
          "ndcg": 1.0,
          "hit": 1.0
        }
      }
    },
    {
      "query": "Điều 19 nói gì về nghỉ học tạm thời?",
      "category": "specific_article",
      "description": "Hỏi Điều 19 — nghỉ học tạm thời",
      "mrr": 1.0,
      "latency_ms": 7989.38519999956,
      "metrics_per_k": {
        "3": {
          "precision": 0.3333333333333333,
          "recall": 1.0,
          "ndcg": 1.0,
          "hit": 1.0
        },
        "5": {
          "precision": 0.2,
          "recall": 1.0,
          "ndcg": 1.0,
          "hit": 1.0
        },
        "10": {
          "precision": 0.1,
          "recall": 1.0,
          "ndcg": 1.0,
          "hit": 1.0
        }
      }
    },
    {
      "query": "Điều 1 phạm vi áp dụng",
      "category": "specific_article",
      "description": "Hỏi Điều 1 — phạm vi điều chỉnh",
      "mrr": 1.0,
      "latency_ms": 8207.067500000448,
      "metrics_per_k": {
        "3": {
          "precision": 1.0,
          "recall": 1.0,
          "ndcg": 1.0,
          "hit": 1.0
        },
        "5": {
          "precision": 1.0,
          "recall": 1.0,
          "ndcg": 1.0,
          "hit": 1.0
        },
        "10": {
          "precision": 0.5,
          "recall": 1.0,
          "ndcg": 1.0,
          "hit": 1.0
        }
      }
    },
    {
      "query": "Điều kiện cảnh báo học vụ là gì?",
      "category": "implicit",
      "description": "Query ngầm về cảnh báo học vụ → nên tìm Điều 20",
      "mrr": 0.5,
      "latency_ms": 7875.006100000064,
      "metrics_per_k": {
        "3": {
          "precision": 0.3333333333333333,
          "recall": 1.0,
          "ndcg": 0.6309297535714575,
          "hit": 1.0
        },
        "5": {
          "precision": 0.2,
          "recall": 1.0,
          "ndcg": 0.6309297535714575,
          "hit": 1.0
        },
        "10": {
          "precision": 0.1,
          "recall": 1.0,
          "ndcg": 0.6309297535714575,
          "hit": 1.0
        }
      }
    },
    {
      "query": "Cần bao nhiêu tín chỉ để ra trường?",
      "category": "implicit",
      "description": "Query từ CSV QA — thông tin tín chỉ tốt nghiệp",
      "mrr": 1.0,
      "latency_ms": 4279.145900000003,
      "metrics_per_k": {
        "3": {
          "precision": 0.3333333333333333,
          "recall": 1.0,
          "ndcg": 0.46927872602275644,
          "hit": 1.0
        },
        "5": {
          "precision": 0.4,
          "recall": 1.0,
          "ndcg": 0.4703652827859579,
          "hit": 1.0
        },