{
  "timestamp": "2026-03-10T10:53:57.257645",
  "modules_run": [
    "generation",
    "citation",
    "performance"
  ],
  "total_elapsed_seconds": 599.96,
  "results": {
    "generation": {
      "rouge1_f1": 0.31489258837606005,
      "rouge2_f1": 0.2681774542106396,
      "rougeL_f1": 0.3042330753063557,
      "bleu": 0.16414401372469353,
      "key_fact_coverage": 1.0,
      "bertscore_f1": 0.7219007015228271
    },
    "citation": {
      "citation_precision": 0.36666666666666664,
      "citation_recall": 0.8,
      "clean_rate": 0.8,
      "hallucination_rate": 0.19999999999999996,
      "total_fabricated": 0,
      "avg_fabricated_per_query": 0.0
    },
    "performance": {
      "e2e_latency": {
        "mean": 29067.4,
        "median": 15361.5,
        "p90": 78819.8,
        "p95": 78819.8,
        "min": 5316.2,
        "max": 78819.8,
        "std": 28659.9
      },
      "retrieve_latency": {
        "mean": 127.0,
        "median": 134.0,
        "p90": 223.5,
        "p95": 223.5,
        "min": 25.7,
        "max": 223.5,
        "std": 69.4
      },
      "rerank_latency": {
        "mean": 6617.2,
        "median": 6262.9,
        "p90": 13207.6,
        "p95": 13207.6,
        "min": 3250.7,
        "max": 13207.6,
        "std": 2540.5
      },
      "generate_latency": {
        "mean": 22323.1,
        "median": 10391.4,
        "p90": 65394.3,
        "p95": 65394.3,
        "min": 0.1,
        "max": 65394.3,
        "std": 27052.8
      },
      "throughput_qps": 0.034,
      "total_queries": 10,
      "total_time_s": 290.67,
      "memory_before_mb": 3066.4,
      "memory_after_mb": 3109.4,
      "memory_delta_mb": 42.9,
      "latency_breakdown_pct": {
        "retrieve": 0.4,
        "rerank": 22.8,
        "generate": 76.8
      }
    }
  }
}